workload,policy,budget,budget_pct,trace,n_seeds,energy_savings_mean,energy_savings_std,energy_savings_min,energy_savings_max,rel_error_mean,rel_error_std,rel_error_min,rel_error_max,satisfaction_rate_pct
fir,exact_only,0.01,1.0%,oscillating,5,0.0,0.0,0.0,0.0,0.0,0.0,0.0,0.0,100.0
fir,exact_only,0.05,5.0%,oscillating,5,0.0,0.0,0.0,0.0,0.0,0.0,0.0,0.0,100.0
fir,fixed_a1,0.01,1.0%,oscillating,5,59.558823529411754,0.0,59.558823529411754,59.558823529411754,0.0002687727416294299,2.1909190729216555e-06,0.00026586384420333405,0.0002714086341115887,100.0
fir,fixed_a1,0.05,5.0%,oscillating,5,59.558823529411754,0.0,59.558823529411754,59.558823529411754,0.0002687727416294299,2.1909190729216555e-06,0.00026586384420333405,0.0002714086341115887,100.0
fir,fixed_a2,0.01,1.0%,oscillating,5,84.55882352941177,0.0,84.55882352941177,84.55882352941177,0.0025729145633564396,8.438480708937603e-05,0.0024337952674465717,0.002652772851887977,100.0
fir,fixed_a2,0.05,5.0%,oscillating,5,84.55882352941177,0.0,84.55882352941177,84.55882352941177,0.0025729145633564396,8.438480708937603e-05,0.0024337952674465717,0.002652772851887977,100.0
fir,fixed_a3,0.01,1.0%,oscillating,5,92.6470588235294,0.0,92.6470588235294,92.6470588235294,0.017601734357929954,0.0017984566485882327,0.014711373651062986,0.019490624471149607,0.0
fir,fixed_a3,0.05,5.0%,oscillating,5,92.6470588235294,0.0,92.6470588235294,92.6470588235294,0.017601734357929954,0.0017984566485882327,0.014711373651062986,0.019490624471149607,100.0
fir,resource_only,0.01,1.0%,oscillating,5,3.2850796568627416,6.700367647058831,-0.06510416666667407,16.685814950980404,3.08695723710602e-05,6.17391447421204e-05,0.0,0.000154347861855301,100.0
fir,resource_only,0.05,5.0%,oscillating,5,32.32000612745099,19.683154951812227,-0.06510416666667407,59.493719362745104,0.00017964415099285455,9.426560866140363e-05,0.0,0.0002664744182095431,100.0
fir,full_adaptive,0.01,1.0%,oscillating,5,24.195006127450977,7.049434626032979,11.515778186274517,31.092984068627448,0.005562413845405779,0.0033756675645442618,0.0017371314039896903,0.011224827453413123,80.0
fir,full_adaptive,0.05,5.0%,oscillating,5,41.19868259803921,6.850146271927283,28.88710171568628,48.92386642156862,0.011562771252364384,0.000872322233712153,0.010537982205367596,0.01290363736259022,100.0
matmul,exact_only,0.01,1.0%,oscillating,5,0.0,0.0,0.0,0.0,0.0,0.0,0.0,0.0,100.0
matmul,exact_only,0.05,5.0%,oscillating,5,0.0,0.0,0.0,0.0,0.0,0.0,0.0,0.0,100.0
matmul,fixed_a1,0.01,1.0%,oscillating,5,59.558823529411754,7.105427357601002e-15,59.55882352941176,59.55882352941176,8.233097752217424e-05,3.0020885210792113e-06,7.767450169574384e-05,8.591187959173372e-05,100.0
matmul,fixed_a1,0.05,5.0%,oscillating,5,59.558823529411754,7.105427357601002e-15,59.55882352941176,59.55882352941176,8.233097752217424e-05,3.0020885210792113e-06,7.767450169574384e-05,8.591187959173372e-05,100.0
matmul,fixed_a2,0.01,1.0%,oscillating,5,84.55882352941177,0.0,84.55882352941177,84.55882352941177,0.001214562861649662,6.126158589174217e-05,0.0011467918913123606,0.0013175439018192157,100.0
matmul,fixed_a2,0.05,5.0%,oscillating,5,84.55882352941177,0.0,84.55882352941177,84.55882352941177,0.001214562861649662,6.126158589174217e-05,0.0011467918913123606,0.0013175439018192157,100.0
matmul,fixed_a3,0.01,1.0%,oscillating,5,92.6470588235294,0.0,92.6470588235294,92.6470588235294,0.010041859501082578,0.0003051624128036953,0.00952857804825893,0.010462672440649764,40.0
matmul,fixed_a3,0.05,5.0%,oscillating,5,92.6470588235294,0.0,92.6470588235294,92.6470588235294,0.010041859501082578,0.0003051624128036953,0.00952857804825893,0.010462672440649764,100.0
matmul,resource_only,0.01,1.0%,oscillating,5,3.34584354575163,6.700367647058823,-0.004340277777781232,16.746578839869276,9.38709697518942e-06,1.877419395037884e-05,0.0,4.6935484875947096e-05,100.0
matmul,resource_only,0.05,5.0%,oscillating,5,45.03702001633985,9.372830360966438,31.636284722222207,59.55448325163398,7.023623415125234e-05,1.0652090209097627e-05,5.3670079565275964e-05,8.591187959173372e-05,100.0
matmul,full_adaptive,0.01,1.0%,oscillating,5,46.45501429738562,6.667158027325603,33.24729370915031,51.23902165032679,0.002828907234502836,0.001098605132536379,0.0008917264285190936,0.0038290860010045595,100.0
matmul,full_adaptive,0.05,5.0%,oscillating,5,60.29692606209151,4.940169715364948,51.97431576797386,66.68019812091504,0.005760243392384996,0.0013091365140864327,0.0035686810369067387,0.007549024786315303,100.0
conv,exact_only,0.01,1.0%,oscillating,5,0.0,0.0,0.0,0.0,0.0,0.0,0.0,0.0,100.0
conv,exact_only,0.05,5.0%,oscillating,5,0.0,0.0,0.0,0.0,0.0,0.0,0.0,0.0,100.0
conv,fixed_a1,0.01,1.0%,oscillating,5,59.558823529411804,7.105427357601002e-15,59.5588235294118,59.5588235294118,0.0002166530671899929,1.1031004434207567e-06,0.00021552451673494016,0.00021866407224275486,100.0
conv,fixed_a1,0.05,5.0%,oscillating,5,59.558823529411804,7.105427357601002e-15,59.5588235294118,59.5588235294118,0.0002166530671899929,1.1031004434207567e-06,0.00021552451673494016,0.00021866407224275486,100.0
conv,fixed_a2,0.01,1.0%,oscillating,5,84.55882352941177,0.0,84.55882352941177,84.55882352941177,0.005215438886168075,4.118592741894149e-05,0.005144178993245261,0.0052584828250144934,100.0
conv,fixed_a2,0.05,5.0%,oscillating,5,84.55882352941177,0.0,84.55882352941177,84.55882352941177,0.005215438886168075,4.118592741894149e-05,0.005144178993245261,0.0052584828250144934,100.0
conv,fixed_a3,0.01,1.0%,oscillating,5,92.64705882352942,0.0,92.64705882352942,92.64705882352942,0.018675699307101487,0.0006369965998727097,0.018028057553321347,0.01989157283926823,0.0
conv,fixed_a3,0.05,5.0%,oscillating,5,92.64705882352942,0.0,92.64705882352942,92.64705882352942,0.018675699307101487,0.0006369965998727097,0.018028057553321347,0.01989157283926823,100.0
conv,resource_only,0.01,1.0%,oscillating,5,60.64683014645067,1.406096433400217,59.51779788838615,62.743604339999045,0.0010087122240131994,0.00097066439965969,0.000215778280024843,0.002230918124216327,100.0
conv,resource_only,0.05,5.0%,oscillating,5,70.95517929256073,1.34086938835736,69.45612805916413,72.94284532671631,0.006415634001457579,0.0010557706825621413,0.0051357848985799206,0.008091318482545476,100.0
conv,full_adaptive,0.01,1.0%,oscillating,5,56.43296842310127,0.3730475000253786,56.024998783632576,57.13979954264586,0.002192605089941248,0.0005612350977726711,0.001309628312352396,0.0030651528138962267,100.0
conv,full_adaptive,0.05,5.0%,oscillating,5,66.10090011190582,0.7105305428349618,64.91968569065345,66.79349973239918,0.006900564683677965,0.0011725241525249008,0.0054787103946807095,0.0086502551430431,100.0
