workload,policy,runs,mean_net_energy_savings_pct,mean_latency_reduction_pct,mean_norm_rel_error,budget_compliance_pct,mean_overhead_pct
FIR,exact_only,30,0.00%,0.00%,0.000000e+00,100.0%,0.00%
FIR,fixed_a1,30,59.56%,37.50%,2.700206e-04,100.0%,0.00%
FIR,fixed_a2,30,84.56%,62.50%,2.516575e-03,100.0%,0.00%
FIR,fixed_a3,30,92.65%,75.00%,1.901991e-02,60.0%,0.00%
FIR,resource_only,30,24.32%,15.35%,1.138313e-04,100.0%,0.10%
FIR,full_adaptive,30,32.01%,40.59%,5.402371e-03,100.0%,38.36%
MATMUL,exact_only,30,0.00%,0.00%,0.000000e+00,100.0%,0.00%
MATMUL,fixed_a1,30,59.56%,37.50%,8.201231e-05,100.0%,0.00%
MATMUL,fixed_a2,30,84.56%,62.50%,1.172620e-03,100.0%,0.00%
MATMUL,fixed_a3,30,92.65%,75.00%,1.046267e-02,60.0%,0.00%
MATMUL,resource_only,30,24.38%,15.35%,3.438225e-05,100.0%,0.01%
MATMUL,full_adaptive,30,55.17%,43.63%,3.683304e-03,100.0%,10.55%
CONV,exact_only,30,0.00%,0.00%,0.000000e+00,100.0%,0.00%
CONV,fixed_a1,30,59.56%,37.50%,2.166727e-04,100.0%,0.00%
CONV,fixed_a2,30,84.56%,62.50%,5.210781e-03,80.0%,0.00%
CONV,fixed_a3,30,92.65%,75.00%,1.854355e-02,60.0%,0.00%
CONV,resource_only,30,65.18%,43.21%,1.760457e-03,100.0%,0.13%
CONV,full_adaptive,30,60.20%,44.95%,2.590307e-03,100.0%,17.56%
