workload,bias,budget,budget_pct,trace,full_budget_satisfied,res_budget_satisfied,full_block_sat_rate,res_block_sat_rate,full_energy_savings_pct,res_energy_savings_pct,delta_energy_savings_pct,full_rel_error,res_rel_error,full_overhead_pct,res_overhead_pct,full_pct_exact,res_pct_exact
fir,mixed,0.005,0.5%,oscillating,True,True,1.0,1.0,19.006587009803923,-0.06510416666667407,19.071691176470598,0.0013121079455559357,0.0,30.947089696912382,0.06506180871828238,31.25,100.0
fir,mixed,0.005,0.5%,rising,True,True,1.0,1.0,19.787837009803923,-0.06510416666667407,19.852941176470598,0.0006649248379565174,0.0,31.248507997135356,0.06506180871828238,31.25,100.0
fir,mixed,0.005,0.5%,constant_med,True,True,1.0,1.0,16.662837009803923,-0.06510416666667407,16.727941176470598,0.00039937129303092595,0.0,30.076742796746476,0.06506180871828238,31.25,100.0
fir,mixed,0.01,1.0%,oscillating,True,True,1.0,1.0,22.131587009803923,-0.06510416666667407,22.196691176470598,0.0017371314039896903,0.0,32.189052279545564,0.06506180871828238,31.25,100.0
fir,mixed,0.01,1.0%,rising,True,True,1.0,1.0,23.16559436274511,-0.06510416666667407,23.230698529411786,0.0031877715354539176,0.0,32.62223994417585,0.06506180871828238,31.25,100.0
fir,mixed,0.01,1.0%,constant_med,True,True,1.0,1.0,19.006587009803923,-0.06510416666667407,19.071691176470598,0.0014337432986454945,0.0,30.947089696912382,0.06506180871828238,31.25,100.0
fir,mixed,0.02,2.0%,oscillating,True,True,0.96875,1.0,28.933057598039234,24.130667892156886,4.802389705882348,0.005976519305314483,0.0001476983974647926,35.269709543568474,0.08581091312906973,28.125,59.375
fir,mixed,0.02,2.0%,rising,True,True,1.0,1.0,28.63434436274511,16.685814950980348,11.948529411764763,0.0035107991212102578,0.0001487210879823219,35.12208210356856,0.07814295564238102,31.25,71.875
fir,mixed,0.02,2.0%,constant_med,True,True,1.0,1.0,29.162837009803923,-0.06510416666667407,29.227941176470598,0.0023302390973528185,0.0,35.38411634319079,0.06506180871828238,31.25,100.0
fir,mixed,0.05,5.0%,oscillating,True,True,1.0,1.0,40.74371936274509,42.74280024509805,-1.9990808823529633,0.010778331130591946,0.00023785715280685483,42.299489433206226,0.1137047689117785,18.75,28.125
fir,mixed,0.05,5.0%,rising,True,True,1.0,1.0,34.585631127451,52.04886642156863,-17.46323529411763,0.008964740629969787,0.0002513360388615013,38.317428721971794,0.13577190320261961,31.25,12.5
fir,mixed,0.05,5.0%,constant_med,True,True,1.0,1.0,35.18305759803923,59.493719362745104,-24.310661764705877,0.007685040204870982,0.0002700205694022343,38.67060561299853,0.1607261038101541,28.125,0.0
fir,mixed,0.1,10.0%,oscillating,True,True,1.0,1.0,51.84206495098038,59.493719362745104,-7.651654411764724,0.014005618011784855,0.0002700205694022343,52.04771371769383,0.1607261038101541,3.125,0.0
fir,mixed,0.1,10.0%,rising,True,True,1.0,1.0,50.23360906862746,59.493719362745104,-9.260110294117645,0.013113434413452963,0.0002700205694022343,50.36552520200078,0.1607261038101541,6.25,0.0
fir,mixed,0.1,10.0%,constant_med,True,True,1.0,1.0,47.10860906862744,59.493719362745104,-12.385110294117666,0.011827469078995177,0.0002700205694022343,47.38976178408514,0.1607261038101541,9.375,0.0
fir,high,0.005,0.5%,oscillating,True,True,0.96875,1.0,4.1168811274509665,-0.06510416666667407,4.1819852941176405,0.001037784340527249,0.0,26.1413108599273,0.06506180871828238,56.25,100.0
fir,high,0.005,0.5%,rising,True,True,0.96875,1.0,3.3356311274509665,-0.06510416666667407,3.4007352941176405,0.0009920197205314492,0.0,25.930034467731065,0.06506180871828238,56.25,100.0
fir,high,0.005,0.5%,constant_med,True,True,1.0,1.0,0.9918811274509665,-0.06510416666667407,1.0569852941176405,0.00029378446773689084,0.0,25.31621088461687,0.06506180871828238,56.25,100.0
fir,high,0.01,1.0%,oscillating,True,True,1.0,1.0,5.6793811274509665,-0.06510416666667407,5.7444852941176405,0.0014391644288387817,0.0,26.57436355515855,0.06506180871828238,56.25,100.0
fir,high,0.01,1.0%,rising,True,True,0.96875,1.0,5.932138480392146,-0.06510416666667407,5.99724264705882,0.003397471268515834,0.0,26.64576802507837,0.06506180871828238,56.25,100.0
fir,high,0.01,1.0%,constant_med,True,True,1.0,1.0,5.6793811274509665,-0.06510416666667407,5.7444852941176405,0.0015796858358204042,0.0,26.57436355515855,0.06506180871828238,56.25,100.0
fir,high,0.02,2.0%,oscillating,True,True,1.0,1.0,17.28324142156863,-0.06510416666667407,17.348345588235304,0.0035702089507228035,0.0,30.302328811519054,0.06506180871828238,43.75,100.0
fir,high,0.02,2.0%,rising,True,True,0.96875,1.0,13.560814950980404,-0.06510416666667407,13.62591911764708,0.003684326066990381,0.0,28.997386026316956,0.06506180871828238,50.0,100.0
fir,high,0.02,2.0%,constant_med,True,True,1.0,1.0,15.651807598039225,-0.06510416666667407,15.716911764705898,0.00238352245414009,0.0,29.71623155505108,0.06506180871828238,50.0,100.0
fir,high,0.05,5.0%,oscillating,True,True,1.0,1.0,27.83011642156863,-0.06510416666667407,27.895220588235304,0.006502808226433254,0.0,34.730697797824355,0.06506180871828238,31.25,100.0
fir,high,0.05,5.0%,rising,True,True,1.0,1.0,23.854932598039223,-0.06510416666667407,23.9200367647059,0.004775712739315465,0.0,32.91756777146306,0.06506180871828238,37.5,100.0
fir,high,0.05,5.0%,constant_med,True,True,1.0,1.0,23.096660539215698,-0.06510416666667407,23.161764705882373,0.0023835643570259604,0.0,32.59299835665555,0.06506180871828238,37.5,100.0
fir,high,0.1,10.0%,oscillating,True,True,1.0,1.0,33.919270833333336,25.991881127451,7.927389705882337,0.010011837398343486,0.000178960128279732,37.93103448275862,0.08796895213454077,21.875,56.25
fir,high,0.1,10.0%,rising,True,True,1.0,1.0,37.64169730392156,20.408241421568572,17.233455882352988,0.005239992927202936,0.00012519726352836787,40.19529570717926,0.0817976230573064,15.625,65.625
fir,high,0.1,10.0%,constant_med,True,True,1.0,1.0,33.919270833333336,-0.06510416666667407,33.98437500000001,0.016929415228955105,0.0,37.931034482758626,0.06506180871828238,21.875,100.0
matmul,mixed,0.005,0.5%,oscillating,True,True,0.96875,1.0,42.32358047385618,-0.004340277777781232,42.32792075163396,0.0033155900911071043,0.0,7.532745775916635,0.0043400894058417605,31.25,100.0
matmul,mixed,0.005,0.5%,rising,True,True,0.96875,1.0,44.66733047385618,-0.004340277777781232,44.67167075163396,0.003187761166687803,0.0,7.851813571913048,0.0043400894058417605,31.25,100.0
matmul,mixed,0.005,0.5%,constant_med,True,True,1.0,1.0,36.602073120915,-0.004340277777781232,36.60641339869278,8.175843435915673e-05,0.0,6.852933951360556,0.0043400894058417605,31.25,100.0
matmul,mixed,0.01,1.0%,oscillating,True,True,0.96875,1.0,48.57358047385618,-0.004340277777781232,48.57792075163396,0.0034028952545187797,0.0,8.448221936483188,0.0043400894058417605,31.25,100.0
matmul,mixed,0.01,1.0%,rising,True,True,0.96875,1.0,49.35483047385619,-0.004340277777781232,49.35917075163397,0.0032554823008083974,0.0,8.578543810210364,0.0043400894058417605,31.25,100.0
matmul,mixed,0.01,1.0%,constant_med,True,True,1.0,1.0,53.789573120915016,-0.004340277777781232,53.793913398692794,0.001168875959008472,0.0,9.40181328972303,0.0043400894058417605,31.25,100.0
matmul,mixed,0.02,2.0%,oscillating,True,True,1.0,1.0,54.547845179738545,24.191431781045736,30.35641339869281,0.005117205587625995,4.115107310455566e-05,9.558662450077794,0.005725312955709651,31.25,59.375
matmul,mixed,0.02,2.0%,rising,True,True,1.0,1.0,54.547845179738566,16.74657883986932,37.801266339869244,0.004189824895977336,4.3606665288890326e-05,9.558662450077799,0.005213332638222317,31.25,71.875
matmul,mixed,0.02,2.0%,constant_med,True,True,1.0,1.0,53.789573120915016,-0.004340277777781232,53.793913398692794,0.001168875959008472,0.0,9.40181328972303,0.0043400894058417605,31.25,100.0
matmul,mixed,0.05,5.0%,oscillating,True,True,1.0,1.0,63.00372753267974,42.8035641339869,20.200163398692837,0.006421416654568819,7.161050988021722e-05,11.74339403893532,0.0075883710445615905,18.75,28.125
matmul,mixed,0.05,5.0%,rising,True,True,1.0,1.0,56.31714665032683,52.1096303104575,4.207516339869336,0.0063106352160995915,7.665602182835436e-05,9.945820207250865,0.009062944817328347,31.25,12.5
matmul,mixed,0.05,5.0%,constant_med,True,True,1.0,1.0,53.789573120915016,59.55448325163398,-5.764910130718967,0.001168875959008472,8.201230599590366e-05,9.40181328972303,0.010731171528308199,31.25,0.0
matmul,mixed,0.1,10.0%,oscillating,True,True,1.0,1.0,72.47063929738562,59.55448325163398,12.916156045751634,0.009469167823159179,8.201230599590366e-05,15.78176152540644,0.010731171528308199,6.25,0.0
matmul,mixed,0.1,10.0%,rising,True,True,1.0,1.0,67.39251429738562,59.55448325163398,7.8380310457516345,0.00881927021096712,8.201230599590366e-05,13.323989758606922,0.010731171528308199,15.625,0.0
matmul,mixed,0.1,10.0%,constant_med,True,True,1.0,1.0,72.37872753267973,59.55448325163398,12.82424428104575,0.010456453840571141,8.201230599590366e-05,15.72924658230656,0.010731171528308199,9.375,0.0
matmul,high,0.005,0.5%,oscillating,True,True,1.0,1.0,25.871374591503248,-0.004340277777781232,25.87571486928103,0.0009460472883861384,0.0,5.86091814277399,0.0043400894058417605,56.25,100.0
matmul,high,0.005,0.5%,rising,True,True,1.0,1.0,25.871374591503248,-0.004340277777781232,25.87571486928103,0.0007415949013818134,0.0,5.86091814277399,0.0043400894058417605,56.25,100.0
matmul,high,0.005,0.5%,constant_med,True,True,1.0,1.0,21.71236723856209,-0.004340277777781232,21.716707516339874,8.533545300782827e-05,0.0,5.549558598603561,0.0043400894058417605,56.25,100.0
matmul,high,0.01,1.0%,oscillating,True,True,1.0,1.0,28.996374591503262,-0.004340277777781232,29.000714869281044,0.0009992116169727325,0.0,6.11886791774389,0.0043400894058417605,56.25,100.0
matmul,high,0.01,1.0%,rising,True,True,1.0,1.0,30.558874591503262,-0.004340277777781232,30.563214869281044,0.0011502698968582328,0.0,6.256549026240224,0.0043400894058417605,56.25,100.0
matmul,high,0.01,1.0%,constant_med,True,True,1.0,1.0,32.64986723856208,-0.004340277777781232,32.65420751633986,0.0011733197023124017,0.0,6.450793602656586,0.0043400894058417605,56.25,100.0
matmul,high,0.02,2.0%,oscillating,True,True,1.0,1.0,33.40813929738562,-0.004340277777781232,33.412479575163395,0.001547767274360309,0.0,6.524247873111295,0.0043400894058417605,56.25,100.0
matmul,high,0.02,2.0%,rising,True,True,1.0,1.0,33.15538194444444,-0.004340277777781232,33.15972222222222,0.0014785552416918572,0.0,6.4995779494837995,0.0043400894058417605,56.25,100.0
matmul,high,0.02,2.0%,constant_med,True,True,1.0,1.0,32.64986723856208,-0.004340277777781232,32.65420751633986,0.0011733197023124017,0.0,6.450793602656586,0.0043400894058417605,56.25,100.0
matmul,high,0.05,5.0%,oscillating,True,True,1.0,1.0,48.80335988562092,27.91385825163396,20.88950163398696,0.005424247830155155,4.595371560951189e-05,8.486139023672623,0.006020960024367177,31.25,53.125
matmul,high,0.05,5.0%,rising,True,True,1.0,1.0,39.49729370915034,27.91385825163395,11.58343545751639,0.0018191732984819298,2.8374588221950227e-05,7.180865653628834,0.006020960024367176,46.875,53.125
matmul,high,0.05,5.0%,constant_med,True,True,1.0,1.0,32.64986723856208,-0.004340277777781232,32.65420751633986,0.0011733197023124017,0.0,6.450793602656586,0.0043400894058417605,56.25,100.0
matmul,high,0.1,10.0%,oscillating,True,True,1.0,1.0,57.259242238562095,50.248417075163395,7.0108251633986995,0.005565512699353821,7.242374757582447e-05,10.16504686183971,0.008723898864353636,18.75,15.625
matmul,high,0.1,10.0%,rising,True,True,1.0,1.0,55.90354370915033,59.55448325163398,-3.6509395424836555,0.009390150914440079,8.691993591735173e-05,9.852533334877284,0.010731171528308199,21.875,0.0
matmul,high,0.1,10.0%,constant_med,True,True,1.0,1.0,56.66181576797386,59.55448325163398,-2.8926674836601194,0.010743170850818409,8.691993591735173e-05,10.024919438929704,0.010731171528308199,21.875,0.0
conv,mixed,0.005,0.5%,oscillating,True,True,1.0,1.0,51.18628910621324,59.51779788838615,-8.33150878217291,0.0002166329430603885,0.00021667272294443338,13.21612705356355,0.10134241440850687,3.225806451612903,0.0
conv,mixed,0.005,0.5%,rising,True,True,1.0,1.0,45.422531990463696,59.51779788838615,-14.095265897922452,0.0002165112139131188,0.00021667272294443338,11.820412867366477,0.10134241440850687,12.903225806451612,0.0
conv,mixed,0.005,0.5%,constant_med,True,True,1.0,1.0,47.34378436238021,59.51779788838615,-12.174013526005936,0.0002165449539341476,0.00021667272294443338,12.251700911588085,0.10134241440850687,9.67741935483871,0.0
conv,mixed,0.01,1.0%,oscillating,True,True,1.0,1.0,56.33334792974265,59.51779788838615,-3.184449958643498,0.0020494814375373836,0.00021667272294443338,14.773933300181282,0.10134241440850687,0.0,0.0
conv,mixed,0.01,1.0%,rising,True,True,1.0,1.0,53.913993091032964,59.51779788838615,-5.603804797353185,0.0015325356913491331,0.00021667272294443338,13.998353261598833,0.10134241440850687,0.0,0.0
conv,mixed,0.01,1.0%,constant_med,True,True,1.0,1.0,53.10754147812974,59.51779788838615,-6.410256410256409,0.00021667272294443338,0.00021667272294443338,13.757611041598993,0.10134241440850687,0.0,0.0
conv,mixed,0.02,2.0%,oscillating,True,True,1.0,0.967741935483871,58.752702768452316,65.96941079161195,-7.216708023159633,0.0027193064538940962,0.0021773579170248935,15.640496430752403,0.12055518866987117,0.0,0.0
conv,mixed,0.02,2.0%,rising,True,True,1.0,1.0,56.33334792974265,61.1307011141926,-4.797353184449946,0.0018810191635107863,0.0018036804135622409,14.773933300181282,0.10554767438993087,0.0,0.0
conv,mixed,0.02,2.0%,constant_med,True,True,1.0,1.0,53.10754147812974,59.51779788838615,-6.410256410256409,0.00021667272294443338,0.00021667272294443338,13.757611041598993,0.10134241440850687,0.0,0.0
conv,mixed,0.05,5.0%,oscillating,True,True,1.0,0.967741935483871,64.91968569065345,71.59085291684914,-6.671167226195692,0.0054787103946807095,0.005472173574180382,18.39003491928012,0.1444099708645349,0.0,0.0
conv,mixed,0.05,5.0%,rising,True,True,1.0,1.0,64.65877487471417,69.45612805916413,-4.79735318444996,0.005792135772500879,0.0056097460913256784,18.25426828982878,0.13431709347494833,0.0,0.0
conv,mixed,0.05,5.0%,constant_med,True,True,1.0,1.0,66.81721889748458,59.51779788838615,7.299421009098431,0.004031763876459402,0.00021667272294443338,19.441655692906977,0.10134241440850687,0.0,0.0
conv,mixed,0.1,10.0%,oscillating,True,True,1.0,1.0,75.11892667737071,77.49692502311099,-2.3779983457402807,0.008329728236129218,0.0062056589207382835,25.928471684598197,0.18231126665033545,0.0,0.0
conv,mixed,0.1,10.0%,rising,True,True,1.0,1.0,74.33619422955289,79.13354741400285,-4.79735318444996,0.006961966432560915,0.006504209933821345,25.13766706694358,0.1966105204349497,0.0,0.0
conv,mixed,0.1,10.0%,constant_med,True,True,1.0,1.0,74.0752834136136,84.51779788838614,-10.442514474772537,0.005208819699218955,0.005210780909391974,24.88467725301866,0.2649858252067768,0.0,0.0
conv,high,0.005,0.5%,oscillating,True,True,1.0,1.0,49.26503673429672,59.51779788838615,-10.252761154089427,0.00020839241063001272,0.00020873439997759266,12.715653340470837,0.10134241440850687,6.451612903225806,0.0
conv,high,0.005,0.5%,rising,True,True,1.0,1.0,47.34378436238021,59.51779788838615,-12.174013526005936,0.000208188033479755,0.00020873439997759266,12.251700911588085,0.10134241440850687,9.67741935483871,0.0
conv,high,0.005,0.5%,constant_med,True,True,1.0,1.0,51.18628910621324,59.51779788838615,-8.33150878217291,0.00020855216982096082,0.00020873439997759266,13.21612705356355,0.10134241440850687,3.225806451612903,0.0
conv,high,0.01,1.0%,oscillating,True,True,1.0,1.0,54.72044470393619,59.51779788838615,-4.79735318444996,0.0007548541764493075,0.00020873439997759266,14.247670961209433,0.10134241440850687,0.0,0.0
conv,high,0.01,1.0%,rising,True,True,1.0,1.0,54.72044470393619,59.51779788838615,-4.79735318444996,0.0008399087060638417,0.00020873439997759266,14.247670961209433,0.10134241440850687,0.0,0.0
conv,high,0.01,1.0%,constant_med,True,True,1.0,1.0,53.10754147812974,59.51779788838615,-6.410256410256409,0.00020873439997759266,0.00020873439997759266,13.757611041598993,0.10134241440850687,0.0,0.0
conv,high,0.02,2.0%,oscillating,True,True,1.0,1.0,59.55915438135554,65.96941079161195,-6.410256410256409,0.0025947202650156,0.0011388616753966476,15.95239157983337,0.12055518866987117,0.0,0.0
conv,high,0.02,2.0%,rising,True,True,1.0,1.0,54.72044470393619,61.1307011141926,-6.410256410256409,0.0008399087060638417,0.0008399087060638417,14.247670961209433,0.10554767438993087,0.0,0.0
conv,high,0.02,2.0%,constant_med,True,True,1.0,1.0,53.10754147812974,59.51779788838615,-6.410256410256409,0.00020873439997759266,0.00020873439997759266,13.757611041598993,0.10134241440850687,0.0,0.0
conv,high,0.05,5.0%,oscillating,True,True,1.0,0.967741935483871,64.11323407775022,71.59085291684914,-7.477618839098923,0.0037103651594983067,0.0037447722445819232,17.976771897637786,0.1444099708645349,0.0,0.0
conv,high,0.05,5.0%,rising,True,True,1.0,1.0,65.4652264876174,67.84322483335768,-2.3779983457402807,0.00365256927447341,0.002420248340684135,18.680539627598584,0.12758008479718075,0.0,0.0
conv,high,0.05,5.0%,constant_med,True,True,1.0,1.0,61.172057607162,59.51779788838615,1.6542597187758545,0.0033386978438606275,0.00020873439997759266,16.615050022511674,0.10134241440850687,0.0,0.0
conv,high,0.1,10.0%,oscillating,True,True,1.0,1.0,72.69957183866104,74.81665936846204,-2.1170875298009975,0.005500848711615673,0.0038319418718955004,23.63069917129697,0.16290785891313883,0.0,0.0
conv,high,0.1,10.0%,rising,True,True,1.0,1.0,72.9842018196857,78.32709580109962,-5.342893981413923,0.00561718598937744,0.004638153522010509,23.879664810284716,0.18929461713637133,0.0,0.0
conv,high,0.1,10.0%,constant_med,True,True,1.0,1.0,71.65592857490392,84.51779788838614,-12.861869313482217,0.0051268478379168725,0.005140237352535146,22.76060469410909,0.2649858252067768,0.0,0.0
