experiment_id,block_index,character,pressure,pressure_level,sensitivity_amp,sensitivity_score,selected_mode,mode_bits,predicted_error,norm_rel_error,budget_satisfied,compute_energy_macs,overhead_energy_macs,total_energy_macs,baseline_energy_macs,energy_savings_pct,compute_latency_units,mae,mse,rmse,probe_macs,decision_reason
fir_exact_only_b050_constant_med,0,high,0.500,MEDIUM,N/A,N/A,EXACT,EXACT,0.000000e+00,0.000000e+00,True,2048.0,0.0,2048.0,2048.0,0.00%,2048.0,0.000000e+00,0.000000e+00,0.000000e+00,0,fixed exact-only
fir_exact_only_b050_constant_med,1,med,0.500,MEDIUM,N/A,N/A,EXACT,EXACT,0.000000e+00,0.000000e+00,True,2048.0,0.0,2048.0,2048.0,0.00%,2048.0,0.000000e+00,0.000000e+00,0.000000e+00,0,fixed exact-only
fir_exact_only_b050_constant_med,2,high,0.500,MEDIUM,N/A,N/A,EXACT,EXACT,0.000000e+00,0.000000e+00,True,2048.0,0.0,2048.0,2048.0,0.00%,2048.0,0.000000e+00,0.000000e+00,0.000000e+00,0,fixed exact-only
fir_exact_only_b050_constant_med,3,high,0.500,MEDIUM,N/A,N/A,EXACT,EXACT,0.000000e+00,0.000000e+00,True,2048.0,0.0,2048.0,2048.0,0.00%,2048.0,0.000000e+00,0.000000e+00,0.000000e+00,0,fixed exact-only
fir_exact_only_b050_constant_med,4,low,0.500,MEDIUM,N/A,N/A,EXACT,EXACT,0.000000e+00,0.000000e+00,True,2048.0,0.0,2048.0,2048.0,0.00%,2048.0,0.000000e+00,0.000000e+00,0.000000e+00,0,fixed exact-only
fir_exact_only_b050_constant_med,5,high,0.500,MEDIUM,N/A,N/A,EXACT,EXACT,0.000000e+00,0.000000e+00,True,2048.0,0.0,2048.0,2048.0,0.00%,2048.0,0.000000e+00,0.000000e+00,0.000000e+00,0,fixed exact-only
fir_exact_only_b050_constant_med,6,high,0.500,MEDIUM,N/A,N/A,EXACT,EXACT,0.000000e+00,0.000000e+00,True,2048.0,0.0,2048.0,2048.0,0.00%,2048.0,0.000000e+00,0.000000e+00,0.000000e+00,0,fixed exact-only
fir_exact_only_b050_constant_med,7,high,0.500,MEDIUM,N/A,N/A,EXACT,EXACT,0.000000e+00,0.000000e+00,True,2048.0,0.0,2048.0,2048.0,0.00%,2048.0,0.000000e+00,0.000000e+00,0.000000e+00,0,fixed exact-only
fir_fixed_a2_b050_constant_med,0,high,0.500,MEDIUM,N/A,N/A,APPROX-2,6,0.000000e+00,1.207228e-02,True,316.2,0.0,316.2,2048.0,84.56%,768.0,1.338471e-03,3.914142e-06,1.978419e-03,0,fixed APPROX-2
fir_fixed_a2_b050_constant_med,1,med,0.500,MEDIUM,N/A,N/A,APPROX-2,6,0.000000e+00,2.739954e-03,True,316.2,0.0,316.2,2048.0,84.56%,768.0,3.033024e-03,1.390893e-05,3.729468e-03,0,fixed APPROX-2
fir_fixed_a2_b050_constant_med,2,high,0.500,MEDIUM,N/A,N/A,APPROX-2,6,0.000000e+00,1.580823e-02,True,316.2,0.0,316.2,2048.0,84.56%,768.0,1.164676e-03,2.028915e-06,1.424400e-03,0,fixed APPROX-2
fir_fixed_a2_b050_constant_med,3,high,0.500,MEDIUM,N/A,N/A,APPROX-2,6,0.000000e+00,8.013203e-03,True,316.2,0.0,316.2,2048.0,84.56%,768.0,1.294883e-03,2.417328e-06,1.554776e-03,0,fixed APPROX-2
fir_fixed_a2_b050_constant_med,4,low,0.500,MEDIUM,N/A,N/A,APPROX-2,6,0.000000e+00,2.906501e-03,True,316.2,0.0,316.2,2048.0,84.56%,768.0,1.074555e-02,1.800226e-04,1.341725e-02,0,fixed APPROX-2
fir_fixed_a2_b050_constant_med,5,high,0.500,MEDIUM,N/A,N/A,APPROX-2,6,0.000000e+00,1.253042e-02,True,316.2,0.0,316.2,2048.0,84.56%,768.0,9.910255e-04,1.431567e-06,1.196481e-03,0,fixed APPROX-2
fir_fixed_a2_b050_constant_med,6,high,0.500,MEDIUM,N/A,N/A,APPROX-2,6,0.000000e+00,5.446597e-03,True,316.2,0.0,316.2,2048.0,84.56%,768.0,7.577419e-04,8.569245e-07,9.257022e-04,0,fixed APPROX-2
fir_fixed_a2_b050_constant_med,7,high,0.500,MEDIUM,N/A,N/A,APPROX-2,6,0.000000e+00,7.993227e-03,True,316.2,0.0,316.2,2048.0,84.56%,768.0,1.112673e-03,1.889457e-06,1.374575e-03,0,fixed APPROX-2
matmul_resource_only_b050_oscillating,0,high,0.515,MEDIUM,11.060,N/A,APPROX-1,10,1.080112e-02,7.982608e-03,True,1656.5,8.0,1664.5,4096.0,59.36%,2560.0,1.733227e-03,5.023054e-06,2.241217e-03,0,"resource-only (avg A=11.06); sens A=11.06; pressure=0.52 (MEDIUM); budget=5.00%; feasible=[EXACT,A1]; -> APPROX-1 (pred 1.080%)"
matmul_resource_only_b050_oscillating,1,med,0.620,MEDIUM,11.060,N/A,APPROX-1,10,1.080112e-02,1.017135e-04,True,1656.5,8.0,1664.5,4096.0,59.36%,2560.0,3.363198e-03,1.811723e-05,4.256434e-03,0,"resource-only (avg A=11.06); sens A=11.06; pressure=0.62 (MEDIUM); budget=5.00%; feasible=[EXACT,A1]; -> APPROX-1 (pred 1.080%)"
matmul_resource_only_b050_oscillating,2,high,0.856,HIGH,11.060,N/A,APPROX-1,10,1.080112e-02,9.761821e-03,True,1656.5,8.0,1664.5,4096.0,59.36%,2560.0,2.344031e-03,8.062252e-06,2.839411e-03,0,"resource-only (avg A=11.06); sens A=11.06; pressure=0.86 (HIGH); budget=5.00%; feasible=[EXACT,A1]; -> APPROX-1 (pred 1.080%)"
matmul_resource_only_b050_oscillating,3,high,0.963,HIGH,11.060,N/A,APPROX-1,10,1.080112e-02,1.320426e-02,True,1656.5,8.0,1664.5,4096.0,59.36%,2560.0,2.863938e-03,1.230791e-05,3.508262e-03,0,"resource-only (avg A=11.06); sens A=11.06; pressure=0.96 (HIGH); budget=5.00%; feasible=[EXACT,A1]; -> APPROX-1 (pred 1.080%)"
matmul_resource_only_b050_oscillating,4,low,0.852,HIGH,11.060,N/A,APPROX-1,10,1.080112e-02,1.157500e-04,True,1656.5,8.0,1664.5,4096.0,59.36%,2560.0,1.453801e-02,3.233026e-04,1.798062e-02,0,"resource-only (avg A=11.06); sens A=11.06; pressure=0.85 (HIGH); budget=5.00%; feasible=[EXACT,A1]; -> APPROX-1 (pred 1.080%)"
matmul_resource_only_b050_oscillating,5,high,0.851,HIGH,11.060,N/A,APPROX-1,10,1.080112e-02,7.234951e-03,True,1656.5,8.0,1664.5,4096.0,59.36%,2560.0,1.776699e-03,4.986901e-06,2.233137e-03,0,"resource-only (avg A=11.06); sens A=11.06; pressure=0.85 (HIGH); budget=5.00%; feasible=[EXACT,A1]; -> APPROX-1 (pred 1.080%)"
matmul_resource_only_b050_oscillating,6,high,0.825,HIGH,11.060,N/A,APPROX-1,10,1.080112e-02,6.591791e-03,True,1656.5,8.0,1664.5,4096.0,59.36%,2560.0,1.634085e-03,4.372884e-06,2.091144e-03,0,"resource-only (avg A=11.06); sens A=11.06; pressure=0.82 (HIGH); budget=5.00%; feasible=[EXACT,A1]; -> APPROX-1 (pred 1.080%)"
matmul_resource_only_b050_oscillating,7,high,0.656,MEDIUM,11.060,N/A,APPROX-1,10,1.080112e-02,8.276868e-03,True,1656.5,8.0,1664.5,4096.0,59.36%,2560.0,2.195267e-03,7.385613e-06,2.717648e-03,0,"resource-only (avg A=11.06); sens A=11.06; pressure=0.66 (MEDIUM); budget=5.00%; feasible=[EXACT,A1]; -> APPROX-1 (pred 1.080%)"
conv_full_adaptive_b050_rising,0,high,0.115,LOW,0.237,0.000,APPROX-2,6,3.699334e-03,4.021457e-03,True,166.8,368.0,534.8,1080.0,50.48%,405.0,1.581094e-03,4.900340e-06,2.213671e-03,360,"sens A=0.24; pressure=0.12 (LOW); budget=5.00%; feasible=[EXACT,A1,A2,A3]; -> APPROX-2 (pred 0.370%)"
conv_full_adaptive_b050_rising,1,med,0.181,LOW,0.203,0.000,APPROX-2,6,3.177399e-03,3.468382e-03,True,166.8,368.0,534.8,1080.0,50.48%,405.0,2.715028e-03,1.256930e-05,3.545321e-03,360,"sens A=0.20; pressure=0.18 (LOW); budget=5.00%; feasible=[EXACT,A1,A2,A3]; -> APPROX-2 (pred 0.318%)"
conv_full_adaptive_b050_rising,2,high,0.404,MEDIUM,0.664,0.176,APPROX-1,10,6.482088e-04,6.843757e-04,True,436.8,368.0,804.8,1080.0,25.48%,675.0,8.075993e-05,9.194372e-09,9.588729e-05,360,"sens A=0.66; pressure=0.40 (MEDIUM); budget=5.00%; feasible=[EXACT,A1,A2]; -> APPROX-1 (pred 0.065%)"
conv_full_adaptive_b050_rising,3,high,0.547,MEDIUM,0.165,0.000,APPROX-2,6,2.574909e-03,4.863931e-03,True,166.8,368.0,534.8,1080.0,50.48%,405.0,5.229678e-03,7.958573e-05,8.921083e-03,360,"sens A=0.16; pressure=0.55 (MEDIUM); budget=5.00%; feasible=[EXACT,A1,A2,A3]; -> APPROX-2 (pred 0.257%)"
conv_full_adaptive_b050_rising,4,low,0.536,MEDIUM,0.170,0.000,APPROX-2,6,2.655771e-03,4.416638e-03,True,166.8,368.0,534.8,1080.0,50.48%,405.0,1.345614e-02,2.705368e-04,1.644800e-02,360,"sens A=0.17; pressure=0.54 (MEDIUM); budget=5.00%; feasible=[EXACT,A1,A2,A3]; -> APPROX-2 (pred 0.266%)"
conv_full_adaptive_b050_rising,5,high,0.702,HIGH,0.401,0.085,APPROX-2,6,6.267740e-03,5.775768e-03,True,166.8,368.0,534.8,1080.0,50.48%,405.0,1.402705e-03,2.889310e-06,1.699797e-03,360,"sens A=0.40; pressure=0.70 (HIGH); budget=5.00%; feasible=[EXACT,A1,A2,A3]; -> APPROX-2 (pred 0.627%)"
conv_full_adaptive_b050_rising,6,high,0.906,HIGH,0.345,0.058,APPROX-2,6,5.388900e-03,7.337661e-03,True,166.8,368.0,534.8,1080.0,50.48%,405.0,1.243816e-03,2.305308e-06,1.518324e-03,360,"sens A=0.34; pressure=0.91 (HIGH); budget=5.00%; feasible=[EXACT,A1,A2,A3]; -> APPROX-2 (pred 0.539%)"
